<searchresponse><query>trash_can</query><sort>relevance</sort><responseGroup>base</responseGroup><totalResults>8946</totalResults><start>1</start><numItems>10</numItems><facets/><items><item><itemId>14170575</itemId><parentItemId>14170575</parentItemId><name>Hefty Step-On 13-Gallon Trash Can, Black</name><msrp>25.35</msrp><salePrice>14.31</salePrice><upc>025947178759</upc><categoryPath>Home/Kitchen &amp; Dining/Kitchen Storage &amp; Organization/Trash Cans &amp; Recycle Bins</categoryPath><shortDescription>&amp;lt;p&amp;gt;The Hefty Step-On 13-Gallon Trash Can is one of the most convenient trash disposal solutions available. It's just the right size for high-volume areas, like the kitchen, garage or office workroom. The Hefty step on trash can also works well in places like a side yard, where you sometimes need a trash can and don't want to empty it frequently. The solid black color gives it that out-of-the-way look, even if you store it out in the open. Hefty's step-on lid means that you don't have to use a hand to raise the trash can's lid. The pedal is easy to use for both kids and grown-ups. The black trash can has a broad base so it doesn't topple and a ring to secure the trash bag. The 13-gallon size is not too big and not too small; trash bags are available separately. Hefty is a name that's synonymous with quality and durability, and this black trash can exceeds those expectations.&amp;lt;/p&amp;gt;</shortDescription><longDescription>&amp;lt;p&amp;gt;&amp;lt;strong&amp;gt;Hefty Step-On 13-Gallon Trash Can:&amp;lt;/strong&amp;gt;&amp;lt;/p&amp;gt;&amp;lt;ul&amp;gt;&amp;lt;li&amp;gt;Uses 13-gallon trash bags&amp;lt;/li&amp;gt;&amp;lt;li&amp;gt;Holds 13 gallons/49 liters&amp;lt;/li&amp;gt;&amp;lt;li&amp;gt;Black trash can with hands-free usage&amp;lt;/li&amp;gt;&amp;lt;li&amp;gt;Step-on foot pedal to raise lid&amp;lt;/li&amp;gt;&amp;lt;li&amp;gt;This trash can also makes a great gift for those just setting up house.&amp;lt;/li&amp;gt;&amp;lt;li&amp;gt;The Hefty step-on trash can is the ideal place to put your family's trash.&amp;lt;/li&amp;gt;&amp;lt;/ul&amp;gt;</longDescription><thumbnailImage>https://i5.walmartimages.com/asr/14a0fabc-1df2-401f-a207-7e4f826d9a07_1.8c3d0401766a552d93cff8fab8a13e85.jpeg?odnHeight=100&amp;odnWidth=100&amp;odnBg=FFFFFF</thumbnailImage><mediumImage>https://i5.walmartimages.com/asr/14a0fabc-1df2-401f-a207-7e4f826d9a07_1.8c3d0401766a552d93cff8fab8a13e85.jpeg?odnHeight=180&amp;odnWidth=180&amp;odnBg=FFFFFF</mediumImage><largeImage>https://i5.walmartimages.com/asr/14a0fabc-1df2-401f-a207-7e4f826d9a07_1.8c3d0401766a552d93cff8fab8a13e85.jpeg?odnHeight=450&amp;odnWidth=450&amp;odnBg=FFFFFF</largeImage><productTrackingUrl>http://linksynergy.walmart.com/fs-bin/click?id=|LSNID|&amp;offerid=223073.7200&amp;type=14&amp;catid=8&amp;subid=0&amp;hid=7200&amp;tmpid=1082&amp;RD_PARM1=https%253A%252F%252Fwww.walmart.com%252Fip%252FHefty-Step-On-13-Gallon-Trash-Can-Black%252F14170575%253Faffp1%253D3UIqxDLINFE2s96wIa1YSu3TakSRkgaPlu3dizTOwm0%2526affilsrc%253Dapi</productTrackingUrl><standardShipRate>5.99</standardShipRate><marketplace>false</marketplace><modelNumber>2178HFT-75</modelNumber><productUrl>http://c.affil.walmart.com/t/api02?l=https%3A%2F%2Fwww.walmart.com%2Fip%2FHefty-Step-On-13-Gallon-Trash-Can-Black%2F14170575%3Faffp1%3D3UIqxDLINFE2s96wIa1YSu3TakSRkgaPlu3dizTOwm0%26affilsrc%3Dapi%26veh%3Daff%26wmlspartner%3Dreadonlyapi</productUrl><customerRating>4.168</customerRating><numReviews>232</numReviews><customerRatingImage>http://i2.walmartimages.com/i/CustRating/4_2.gif</customerRatingImage><categoryNode>4044_623679_1032619</categoryNode><bundle>false</bundle><stock>Available</stock><addToCartUrl>http://c.affil.walmart.com/t/api02?l=http%3A%2F%2Faffil.walmart.com%2Fcart%2FaddToCart%3Fitems%3D14170575%7C1%26affp1%3D3UIqxDLINFE2s96wIa1YSu3TakSRkgaPlu3dizTOwm0%26affilsrc%3Dapi%26veh%3Daff%26wmlspartner%3Dreadonlyapi</addToCartUrl><affiliateAddToCartUrl>http://linksynergy.walmart.com/fs-bin/click?id=|LSNID|&amp;offerid=223073.7200&amp;type=14&amp;catid=8&amp;subid=0&amp;hid=7200&amp;tmpid=1082&amp;RD_PARM1=http%253A%252F%252Faffil.walmart.com%252Fcart%252FaddToCart%253Fitems%253D14170575%257C1%2526affp1%253D3UIqxDLINFE2s96wIa1YSu3TakSRkgaPlu3dizTOwm0%2526affilsrc%253Dapi</affiliateAddToCartUrl><imageEntities><imageEntities><thumbnailImage>https://i5.walmartimages.com/asr/14a0fabc-1df2-401f-a207-7e4f826d9a07_1.8c3d0401766a552d93cff8fab8a13e85.jpeg?odnHeight=100&amp;odnWidth=100&amp;odnBg=FFFFFF</thumbnailImage><mediumImage>https://i5.walmartimages.com/asr/14a0fabc-1df2-401f-a207-7e4f826d9a07_1.8c3d0401766a552d93cff8fab8a13e85.jpeg?odnHeight=180&amp;odnWidth=180&amp;odnBg=FFFFFF</mediumImage><largeImage>https://i5.walmartimages.com/asr/14a0fabc-1df2-401f-a207-7e4f826d9a07_1.8c3d0401766a552d93cff8fab8a13e85.jpeg?odnHeight=450&amp;odnWidth=450&amp;odnBg=FFFFFF</largeImage><entityType>PRIMARY</entityType></imageEntities></imageEntities><offerType>ONLINE_ONLY</offerType><isTwoDayShippingEligible>true</isTwoDayShippingEligible><availableOnline>true</availableOnline></item><item><itemId>14170564</itemId><parentItemId>14170564</parentItemId><name>Hefty Swing-Lid 13.5-Gallon Trash Can, Multiple Colors</name><salePrice>15.94</salePrice><upc>025947219773</upc><categoryPath>Home/Kitchen &amp; Dining/Kitchen Storage &amp; Organization/Trash Cans &amp; Recycle Bins</categoryPath><shortDescription>&amp;lt;p&amp;gt;Keep your room clean and neat with the Hefty Swing-Lid 13.5-Gallon Trash Can. You can easily do away with all the garbage that gets accumulated in your house or office every day. This push trash can has a unique design that offers a hands-free operation. Simply push the trash through the center of the lid. After you dispose of the garbage, the lid automatically swings back to the closed position so you do not need to open or close it and get your hands dirty. The Hefty Swing-Lid 13.5-Gallon Trash Can also helps to prevent insects and weather from getting in, and it keeps the odors inside. It can hold up to 13.5 gallons or 51 liters of garbage at a time before needing to be emptied out. It uses 13-gallon bags and has a wide usage area. This black trash can is made out of durable plastic and features a glossy finish to give it an attractive appeal.&amp;lt;/p&amp;gt;</shortDescription><longDescription>&amp;lt;strong&amp;gt;Hefty Swing-Lid 13.5-Gallon Trash Can:&amp;lt;/strong&amp;gt;&amp;lt;ul&amp;gt;&amp;lt;li&amp;gt;Push trash through center of lid&amp;lt;/li&amp;gt;&amp;lt;li&amp;gt;Lid swings back to closed position&amp;lt;/li&amp;gt;&amp;lt;li&amp;gt;This black trash can holds 13.5 gallons or 51 liters&amp;lt;/li&amp;gt;&amp;lt;li&amp;gt;Uses 13-gallon trash bags&amp;lt;/li&amp;gt;&amp;lt;li&amp;gt;Hands free operation&amp;lt;/li&amp;gt;&amp;lt;li&amp;gt;Prevents insects and elements from getting in&amp;lt;/li&amp;gt;&amp;lt;li&amp;gt;Black glossy finish&amp;lt;/li&amp;gt;&amp;lt;li&amp;gt;Durable plastic construction&amp;lt;/li&amp;gt;&amp;lt;/ul&amp;gt;</longDescription><thumbnailImage>https://i5.walmartimages.com/asr/606ac0e1-4da1-4d97-9466-cc0e38c12789_1.54d61c6527c725dadeb40c9e7a7ebeb7.jpeg?odnHeight=100&amp;odnWidth=100&amp;odnBg=FFFFFF</thumbnailImage><mediumImage>https://i5.walmartimages.com/asr/606ac0e1-4da1-4d97-9466-cc0e38c12789_1.54d61c6527c725dadeb40c9e7a7ebeb7.jpeg?odnHeight=180&amp;odnWidth=180&amp;odnBg=FFFFFF</mediumImage><largeImage>https://i5.walmartimages.com/asr/606ac0e1-4da1-4d97-9466-cc0e38c12789_1.54d61c6527c725dadeb40c9e7a7ebeb7.jpeg?odnHeight=450&amp;odnWidth=450&amp;odnBg=FFFFFF</largeImage><productTrackingUrl>http://linksynergy.walmart.com/fs-bin/click?id=|LSNID|&amp;offerid=223073.7200&amp;type=14&amp;catid=8&amp;subid=0&amp;hid=7200&amp;tmpid=1082&amp;RD_PARM1=https%253A%252F%252Fwww.walmart.com%252Fip%252FHefty-Swing-Lid-13-5-Gallon-Trash-Can-Multiple-Colors%252F14170564%253Faffp1%253D3UIqxDLINFE2s96wIa1YSu3TakSRkgaPlu3dizTOwm0%2526affilsrc%253Dapi</productTrackingUrl><standardShipRate>5.99</standardShipRate><marketplace>false</marketplace><modelNumber>2197HFT-75</modelNumber><productUrl>http://c.affil.walmart.com/t/api02?l=https%3A%2F%2Fwww.walmart.com%2Fip%2FHefty-Swing-Lid-13-5-Gallon-Trash-Can-Multiple-Colors%2F14170564%3Faffp1%3D3UIqxDLINFE2s96wIa1YSu3TakSRkgaPlu3dizTOwm0%26affilsrc%3Dapi%26veh%3Daff%26wmlspartner%3Dreadonlyapi</productUrl><customerRating>4.2</customerRating><numReviews>202</numReviews><customerRatingImage>http://i2.walmartimages.com/i/CustRating/4_2.gif</customerRatingImage><categoryNode>4044_623679_1032619</categoryNode><bundle>false</bundle><stock>Available</stock><addToCartUrl>http://c.affil.walmart.com/t/api02?l=http%3A%2F%2Faffil.walmart.com%2Fcart%2FaddToCart%3Fitems%3D14170564%7C1%26affp1%3D3UIqxDLINFE2s96wIa1YSu3TakSRkgaPlu3dizTOwm0%26affilsrc%3Dapi%26veh%3Daff%26wmlspartner%3Dreadonlyapi</addToCartUrl><affiliateAddToCartUrl>http://linksynergy.walmart.com/fs-bin/click?id=|LSNID|&amp;offerid=223073.7200&amp;type=14&amp;catid=8&amp;subid=0&amp;hid=7200&amp;tmpid=1082&amp;RD_PARM1=http%253A%252F%252Faffil.walmart.com%252Fcart%252FaddToCart%253Fitems%253D14170564%257C1%2526affp1%253D3UIqxDLINFE2s96wIa1YSu3TakSRkgaPlu3dizTOwm0%2526affilsrc%253Dapi</affiliateAddToCartUrl><giftOptions><allowGiftWrap>false</allowGiftWrap><allowGiftMessage>false</allowGiftMessage><allowGiftReceipt>false</allowGiftReceipt></giftOptions><imageEntities><imageEntities><thumbnailImage>https://i5.walmartimages.com/asr/606ac0e1-4da1-4d97-9466-cc0e38c12789_1.54d61c6527c725dadeb40c9e7a7ebeb7.jpeg?odnHeight=100&amp;odnWidth=100&amp;odnBg=FFFFFF</thumbnailImage><mediumImage>https://i5.walmartimages.com/asr/606ac0e1-4da1-4d97-9466-cc0e38c12789_1.54d61c6527c725dadeb40c9e7a7ebeb7.jpeg?odnHeight=180&amp;odnWidth=180&amp;odnBg=FFFFFF</mediumImage><largeImage>https://i5.walmartimages.com/asr/606ac0e1-4da1-4d97-9466-cc0e38c12789_1.54d61c6527c725dadeb40c9e7a7ebeb7.jpeg?odnHeight=450&amp;odnWidth=450&amp;odnBg=FFFFFF</largeImage><entityType>PRIMARY</entityType></imageEntities></imageEntities><offerType>ONLINE_AND_STORE</offerType><isTwoDayShippingEligible>true</isTwoDayShippingEligible><availableOnline>true</availableOnline></item><item><itemId>14170566</itemId><parentItemId>14170566</parentItemId><name>Hefty Touch-Lid 13.3-Gallon Trash Can, Multiple Colors</name><msrp>14.47</msrp><salePrice>13.78</salePrice><upc>025947166756</upc><categoryPath>Home/Kitchen &amp; Dining/Kitchen Storage &amp; Organization/Trash Cans &amp; Recycle Bins</categoryPath><shortDescription>&amp;lt;p&amp;gt;The Hefty Touch-Lid 13.3-Gallon Trash Can is good for keeping areas around your home clean and free of debris. It has a functional, sleek and stylish look. You can place this bin inside of your kitchen, home or office. This wastebasket is also ideal for the laundry room and garage. It can comfortably hold up to 13.3 gallons or 50 liters of garbage. It is easy to clean and maintain. The black trash can has a simple, neat exterior. It uses 13 gallon tall garbage bags. This kitchen trash can features a convenient lid that flips open with a touch button and closes down when pressed. There is a large opening for waste disposal. The top helps to lock smells in and keeps them from spreading. It is made from strong and durable material that will last for years to come. It will help with your organizational needs while keeping your home free of clutter. Use this Hefty Touch-Lid 13.3-Gallon Trash Can to keep mess sealed in and your surroundings odor-free.&amp;lt;br&amp;gt;&amp;lt;/p&amp;gt;</shortDescription><longDescription>&amp;lt;br&amp;gt;&amp;lt;strong&amp;gt;Hefty Touch Lid Trash Can:&amp;lt;/strong&amp;gt;&amp;lt;ul&amp;gt;&amp;lt;li&amp;gt;Touch button opens spring loaded lid&amp;lt;/li&amp;gt;&amp;lt;li&amp;gt;Press lid down for closed position&amp;lt;/li&amp;gt;&amp;lt;li&amp;gt;Holds 13.3 gallons/50 liters&amp;lt;/li&amp;gt;&amp;lt;li&amp;gt;Black trash can uses 13 gallon trash bags&amp;lt;/li&amp;gt;&amp;lt;/ul&amp;gt;</longDescription><thumbnailImage>https://i5.walmartimages.com/asr/f311b750-101a-4934-81e1-e8b1d1bbba81_1.f16bf3af9956a78099fef10cd25b5cb8.jpeg?odnHeight=100&amp;odnWidth=100&amp;odnBg=FFFFFF</thumbnailImage><mediumImage>https://i5.walmartimages.com/asr/f311b750-101a-4934-81e1-e8b1d1bbba81_1.f16bf3af9956a78099fef10cd25b5cb8.jpeg?odnHeight=180&amp;odnWidth=180&amp;odnBg=FFFFFF</mediumImage><largeImage>https://i5.walmartimages.com/asr/f311b750-101a-4934-81e1-e8b1d1bbba81_1.f16bf3af9956a78099fef10cd25b5cb8.jpeg?odnHeight=450&amp;odnWidth=450&amp;odnBg=FFFFFF</largeImage><productTrackingUrl>http://linksynergy.walmart.com/fs-bin/click?id=|LSNID|&amp;offerid=223073.7200&amp;type=14&amp;catid=8&amp;subid=0&amp;hid=7200&amp;tmpid=1082&amp;RD_PARM1=https%253A%252F%252Fwww.walmart.com%252Fip%252FHefty-Touch-Lid-13-3-Gallon-Trash-Can-Multiple-Colors%252F14170566%253Faffp1%253D3UIqxDLINFE2s96wIa1YSu3TakSRkgaPlu3dizTOwm0%2526affilsrc%253Dapi</productTrackingUrl><standardShipRate>5.99</standardShipRate><marketplace>false</marketplace><modelNumber>2166HFT-75</modelNumber><productUrl>http://c.affil.walmart.com/t/api02?l=https%3A%2F%2Fwww.walmart.com%2Fip%2FHefty-Touch-Lid-13-3-Gallon-Trash-Can-Multiple-Colors%2F14170566%3Faffp1%3D3UIqxDLINFE2s96wIa1YSu3TakSRkgaPlu3dizTOwm0%26affilsrc%3Dapi%26veh%3Daff%26wmlspartner%3Dreadonlyapi</productUrl><customerRating>4.485</customerRating><numReviews>235</numReviews><customerRatingImage>http://i2.walmartimages.com/i/CustRating/4_5.gif</customerRatingImage><categoryNode>4044_623679_1032619</categoryNode><bundle>false</bundle><stock>Available</stock><addToCartUrl>http://c.affil.walmart.com/t/api02?l=http%3A%2F%2Faffil.walmart.com%2Fcart%2FaddToCart%3Fitems%3D14170566%7C1%26affp1%3D3UIqxDLINFE2s96wIa1YSu3TakSRkgaPlu3dizTOwm0%26affilsrc%3Dapi%26veh%3Daff%26wmlspartner%3Dreadonlyapi</addToCartUrl><affiliateAddToCartUrl>http://linksynergy.walmart.com/fs-bin/click?id=|LSNID|&amp;offerid=223073.7200&amp;type=14&amp;catid=8&amp;subid=0&amp;hid=7200&amp;tmpid=1082&amp;RD_PARM1=http%253A%252F%252Faffil.walmart.com%252Fcart%252FaddToCart%253Fitems%253D14170566%257C1%2526affp1%253D3UIqxDLINFE2s96wIa1YSu3TakSRkgaPlu3dizTOwm0%2526affilsrc%253Dapi</affiliateAddToCartUrl><imageEntities><imageEntities><thumbnailImage>https://i5.walmartimages.com/asr/82e40604-b260-4585-b39a-9fca506596e7_1.28dd88939b58fd03ff2ca4c77c86f6c3.jpeg?odnHeight=100&amp;odnWidth=100&amp;odnBg=FFFFFF</thumbnailImage><mediumImage>https://i5.walmartimages.com/asr/82e40604-b260-4585-b39a-9fca506596e7_1.28dd88939b58fd03ff2ca4c77c86f6c3.jpeg?odnHeight=180&amp;odnWidth=180&amp;odnBg=FFFFFF</mediumImage><largeImage>https://i5.walmartimages.com/asr/82e40604-b260-4585-b39a-9fca506596e7_1.28dd88939b58fd03ff2ca4c77c86f6c3.jpeg?odnHeight=450&amp;odnWidth=450&amp;odnBg=FFFFFF</largeImage><entityType>SECONDARY</entityType></imageEntities><imageEntities><thumbnailImage>https://i5.walmartimages.com/asr/d32a5632-1108-45a6-83b8-93382c10437d_1.d7d6f06dc475b2164b772afdd77641b0.jpeg?odnHeight=100&amp;odnWidth=100&amp;odnBg=FFFFFF</thumbnailImage><mediumImage>https://i5.walmartimages.com/asr/d32a5632-1108-45a6-83b8-93382c10437d_1.d7d6f06dc475b2164b772afdd77641b0.jpeg?odnHeight=180&amp;odnWidth=180&amp;odnBg=FFFFFF</mediumImage><largeImage>https://i5.walmartimages.com/asr/d32a5632-1108-45a6-83b8-93382c10437d_1.d7d6f06dc475b2164b772afdd77641b0.jpeg?odnHeight=450&amp;odnWidth=450&amp;odnBg=FFFFFF</largeImage><entityType>SECONDARY</entityType></imageEntities><imageEntities><thumbnailImage>https://i5.walmartimages.com/asr/c58e3394-d1b0-40b6-b172-92b6d32df4ad_1.89fae6d642fe950632b0fca2351595aa.jpeg?odnHeight=100&amp;odnWidth=100&amp;odnBg=FFFFFF</thumbnailImage><mediumImage>https://i5.walmartimages.com/asr/c58e3394-d1b0-40b6-b172-92b6d32df4ad_1.89fae6d642fe950632b0fca2351595aa.jpeg?odnHeight=180&amp;odnWidth=180&amp;odnBg=FFFFFF</mediumImage><largeImage>https://i5.walmartimages.com/asr/c58e3394-d1b0-40b6-b172-92b6d32df4ad_1.89fae6d642fe950632b0fca2351595aa.jpeg?odnHeight=450&amp;odnWidth=450&amp;odnBg=FFFFFF</largeImage><entityType>SECONDARY</entityType></imageEntities><imageEntities><thumbnailImage>https://i5.walmartimages.com/asr/f311b750-101a-4934-81e1-e8b1d1bbba81_1.f16bf3af9956a78099fef10cd25b5cb8.jpeg?odnHeight=100&amp;odnWidth=100&amp;odnBg=FFFFFF</thumbnailImage><mediumImage>https://i5.walmartimages.com/asr/f311b750-101a-4934-81e1-e8b1d1bbba81_1.f16bf3af9956a78099fef10cd25b5cb8.jpeg?odnHeight=180&amp;odnWidth=180&amp;odnBg=FFFFFF</mediumImage><largeImage>https://i5.walmartimages.com/asr/f311b750-101a-4934-81e1-e8b1d1bbba81_1.f16bf3af9956a78099fef10cd25b5cb8.jpeg?odnHeight=450&amp;odnWidth=450&amp;odnBg=FFFFFF</largeImage><entityType>PRIMARY</entityType></imageEntities></imageEntities><offerType>ONLINE_AND_STORE</offerType><isTwoDayShippingEligible>true</isTwoDayShippingEligible><availableOnline>true</availableOnline></item><item><itemId>16517587</itemId><parentItemId>16517587</parentItemId><name>50-Gallon Wheeled Roughneck Trashcan, Black, FG285100BLA</name><msrp>49.99</msrp><salePrice>43.99</salePrice><upc>071691180524</upc><categoryPath>Industrial &amp; Scientific/Janitorial &amp; Sanitation Supplies/Waste Management/Indoor &amp; Outdoor Trash Bins</categoryPath><shortDescription>This trashcan's durable, shatterproof material withstands severe weather conditions. The heavy-duty large wheels make trash day less strenuous. It has an exceptionally strong, molded-in handle. It is an industrial-strength trashcan with a snap-fit lid.</shortDescription><longDescription>&amp;lt;ul&amp;gt;&amp;lt;li&amp;gt;RBRMD TRSH GRBG CAN 50 GAL WHLD&amp;lt;/li&amp;gt;&amp;lt;li&amp;gt;TRASH AND RECYCLING BIN&amp;lt;/li&amp;gt;&amp;lt;/ul&amp;gt;</longDescription><thumbnailImage>https://i5.walmartimages.com/asr/9cbea601-5277-4431-ba9c-7956e23f92f0_1.1e4049aec3bd932d0e09cbcbef2bba16.jpeg?odnHeight=100&amp;odnWidth=100&amp;odnBg=FFFFFF</thumbnailImage><mediumImage>https://i5.walmartimages.com/asr/9cbea601-5277-4431-ba9c-7956e23f92f0_1.1e4049aec3bd932d0e09cbcbef2bba16.jpeg?odnHeight=180&amp;odnWidth=180&amp;odnBg=FFFFFF</mediumImage><largeImage>https://i5.walmartimages.com/asr/9cbea601-5277-4431-ba9c-7956e23f92f0_1.1e4049aec3bd932d0e09cbcbef2bba16.jpeg?odnHeight=450&amp;odnWidth=450&amp;odnBg=FFFFFF</largeImage><productTrackingUrl>http://linksynergy.walmart.com/fs-bin/click?id=|LSNID|&amp;offerid=223073.7200&amp;type=14&amp;catid=8&amp;subid=0&amp;hid=7200&amp;tmpid=1082&amp;RD_PARM1=https%253A%252F%252Fwww.walmart.com%252Fip%252F50-Gallon-Wheeled-Roughneck-Trashcan-Black-FG285100BLA%252F16517587%253Faffp1%253D3UIqxDLINFE2s96wIa1YSu3TakSRkgaPlu3dizTOwm0%2526affilsrc%253Dapi</productTrackingUrl><standardShipRate>0.0</standardShipRate><marketplace>false</marketplace><modelNumber>FG285100BLA</modelNumber><productUrl>http://c.affil.walmart.com/t/api02?l=https%3A%2F%2Fwww.walmart.com%2Fip%2F50-Gallon-Wheeled-Roughneck-Trashcan-Black-FG285100BLA%2F16517587%3Faffp1%3D3UIqxDLINFE2s96wIa1YSu3TakSRkgaPlu3dizTOwm0%26affilsrc%3Dapi%26veh%3Daff%26wmlspartner%3Dreadonlyapi</productUrl><customerRating>3.749</customerRating><numReviews>198</numReviews><customerRatingImage>http://i2.walmartimages.com/i/CustRating/3_7.gif</customerRatingImage><categoryNode>6197502_5702707_6193736</categoryNode><bundle>false</bundle><stock>Available</stock><addToCartUrl>http://c.affil.walmart.com/t/api02?l=http%3A%2F%2Faffil.walmart.com%2Fcart%2FaddToCart%3Fitems%3D16517587%7C1%26affp1%3D3UIqxDLINFE2s96wIa1YSu3TakSRkgaPlu3dizTOwm0%26affilsrc%3Dapi%26veh%3Daff%26wmlspartner%3Dreadonlyapi</addToCartUrl><affiliateAddToCartUrl>http://linksynergy.walmart.com/fs-bin/click?id=|LSNID|&amp;offerid=223073.7200&amp;type=14&amp;catid=8&amp;subid=0&amp;hid=7200&amp;tmpid=1082&amp;RD_PARM1=http%253A%252F%252Faffil.walmart.com%252Fcart%252FaddToCart%253Fitems%253D16517587%257C1%2526affp1%253D3UIqxDLINFE2s96wIa1YSu3TakSRkgaPlu3dizTOwm0%2526affilsrc%253Dapi</affiliateAddToCartUrl><giftOptions><allowGiftWrap>false</allowGiftWrap><allowGiftMessage>false</allowGiftMessage><allowGiftReceipt>false</allowGiftReceipt></giftOptions><imageEntities><imageEntities><thumbnailImage>https://i5.walmartimages.com/asr/9cbea601-5277-4431-ba9c-7956e23f92f0_1.1e4049aec3bd932d0e09cbcbef2bba16.jpeg?odnHeight=100&amp;odnWidth=100&amp;odnBg=FFFFFF</thumbnailImage><mediumImage>https://i5.walmartimages.com/asr/9cbea601-5277-4431-ba9c-7956e23f92f0_1.1e4049aec3bd932d0e09cbcbef2bba16.jpeg?odnHeight=180&amp;odnWidth=180&amp;odnBg=FFFFFF</mediumImage><largeImage>https://i5.walmartimages.com/asr/9cbea601-5277-4431-ba9c-7956e23f92f0_1.1e4049aec3bd932d0e09cbcbef2bba16.jpeg?odnHeight=450&amp;odnWidth=450&amp;odnBg=FFFFFF</largeImage><entityType>PRIMARY</entityType></imageEntities></imageEntities><offerType>ONLINE_AND_STORE</offerType><isTwoDayShippingEligible>false</isTwoDayShippingEligible><availableOnline>true</availableOnline></item><item><itemId>23598269</itemId><parentItemId>23598269</parentItemId><name>United Solutions TrashMaster 32 Gallon Wheeled Trash Can with Turn &amp; Lock Lid</name><salePrice>14.94</salePrice><upc>051596041304</upc><categoryPath>Home/Kitchen &amp; Dining/Kitchen Storage &amp; Organization/Trash Cans &amp; Recycle Bins</categoryPath><shortDescription>Let the Trashmaster 32-Gallon Trash Can with Wheels take care of the dirty business. It features ample capacity for all of your rubbish as well as a turn and lock mechanisms that keeps the lid securely closed. The wheels and handle offer easy mobility. This plastic trash can is durably constructed to handle your needs.</shortDescription><longDescription>&amp;lt;p&amp;gt;Our blow molded cans are built to last, even in high and low weather extremes. Wheeled can for easy use for trash, gardening, storage, and more. Turn and lock lid makes it more difficult for raccoons and other animals to get into the can. Handle allows for easy maneuverability. Made from 85% recycled material.&amp;lt;/p&amp;gt;</longDescription><thumbnailImage>https://i5.walmartimages.com/asr/d484590f-facf-4ac7-9873-a409ccb6187b_1.b22d418bbe8d594327d15a9a8d34ab91.jpeg?odnHeight=100&amp;odnWidth=100&amp;odnBg=FFFFFF</thumbnailImage><mediumImage>https://i5.walmartimages.com/asr/d484590f-facf-4ac7-9873-a409ccb6187b_1.b22d418bbe8d594327d15a9a8d34ab91.jpeg?odnHeight=180&amp;odnWidth=180&amp;odnBg=FFFFFF</mediumImage><largeImage>https://i5.walmartimages.com/asr/d484590f-facf-4ac7-9873-a409ccb6187b_1.b22d418bbe8d594327d15a9a8d34ab91.jpeg?odnHeight=450&amp;odnWidth=450&amp;odnBg=FFFFFF</largeImage><productTrackingUrl>http://linksynergy.walmart.com/fs-bin/click?id=|LSNID|&amp;offerid=223073.7200&amp;type=14&amp;catid=8&amp;subid=0&amp;hid=7200&amp;tmpid=1082&amp;RD_PARM1=https%253A%252F%252Fwww.walmart.com%252Fip%252FUnited-Solutions-TrashMaster-32-Gallon-Wheeled-Trash-Can-with-Turn-Lock-Lid%252F23598269%253Faffp1%253D3UIqxDLINFE2s96wIa1YSu3TakSRkgaPlu3dizTOwm0%2526affilsrc%253Dapi</productTrackingUrl><standardShipRate>5.99</standardShipRate><marketplace>false</marketplace><modelNumber>TB0004, 04130/4WAL</modelNumber><productUrl>http://c.affil.walmart.com/t/api02?l=https%3A%2F%2Fwww.walmart.com%2Fip%2FUnited-Solutions-TrashMaster-32-Gallon-Wheeled-Trash-Can-with-Turn-Lock-Lid%2F23598269%3Faffp1%3D3UIqxDLINFE2s96wIa1YSu3TakSRkgaPlu3dizTOwm0%26affilsrc%3Dapi%26veh%3Daff%26wmlspartner%3Dreadonlyapi</productUrl><customerRating>3.949</customerRating><numReviews>137</numReviews><customerRatingImage>http://i2.walmartimages.com/i/CustRating/3_9.gif</customerRatingImage><categoryNode>4044_623679_1032619</categoryNode><bundle>false</bundle><stock>Available</stock><addToCartUrl>http://c.affil.walmart.com/t/api02?l=http%3A%2F%2Faffil.walmart.com%2Fcart%2FaddToCart%3Fitems%3D23598269%7C1%26affp1%3D3UIqxDLINFE2s96wIa1YSu3TakSRkgaPlu3dizTOwm0%26affilsrc%3Dapi%26veh%3Daff%26wmlspartner%3Dreadonlyapi</addToCartUrl><affiliateAddToCartUrl>http://linksynergy.walmart.com/fs-bin/click?id=|LSNID|&amp;offerid=223073.7200&amp;type=14&amp;catid=8&amp;subid=0&amp;hid=7200&amp;tmpid=1082&amp;RD_PARM1=http%253A%252F%252Faffil.walmart.com%252Fcart%252FaddToCart%253Fitems%253D23598269%257C1%2526affp1%253D3UIqxDLINFE2s96wIa1YSu3TakSRkgaPlu3dizTOwm0%2526affilsrc%253Dapi</affiliateAddToCartUrl><imageEntities><imageEntities><thumbnailImage>https://i5.walmartimages.com/asr/d484590f-facf-4ac7-9873-a409ccb6187b_1.b22d418bbe8d594327d15a9a8d34ab91.jpeg?odnHeight=100&amp;odnWidth=100&amp;odnBg=FFFFFF</thumbnailImage><mediumImage>https://i5.walmartimages.com/asr/d484590f-facf-4ac7-9873-a409ccb6187b_1.b22d418bbe8d594327d15a9a8d34ab91.jpeg?odnHeight=180&amp;odnWidth=180&amp;odnBg=FFFFFF</mediumImage><largeImage>https://i5.walmartimages.com/asr/d484590f-facf-4ac7-9873-a409ccb6187b_1.b22d418bbe8d594327d15a9a8d34ab91.jpeg?odnHeight=450&amp;odnWidth=450&amp;odnBg=FFFFFF</largeImage><entityType>PRIMARY</entityType></imageEntities></imageEntities><offerType>ONLINE_AND_STORE</offerType><isTwoDayShippingEligible>false</isTwoDayShippingEligible><availableOnline>true</availableOnline></item><item><itemId>405853902</itemId><parentItemId>405853902</parentItemId><name>BestOffice Touch Free Sensor Stainless Steel Trash Can, 13.2-Gallon</name><salePrice>44.99</salePrice><upc>848837007638</upc><categoryPath>Home/Kitchen &amp; Dining/Kitchen Storage &amp; Organization/Trash Cans &amp; Recycle Bins</categoryPath><shortDescription>This 13.2-Gal stainless steel Touchless Trashcan is designed and engineered by BestOffice. With its oval shape design, it can fit almost any area, such as kitchen, office, living room, in the laundry room, the bedroom, dorm room or any open space. This durable trashcan uses the most advance sensor technology can be found in all BestOffice trashcans. As your hand or debris within ten inches and 130-degree angle from the infrared sensor, the lid will automatically opens. The lid will remain open if debris or hand remains within the range of the infrared sensor. Three seconds after your hand moves away from the lid, it closes automatically13-Gallon Automatic Stainless-Steel Trash Can,On/off button and an open close button for when you want the lid to stays open and sensor off,Anti-fingerprint commercial grade stainless steel, best for kitchen, office, living room and bedroom,Size:11.37 x 16.10 x 25.31 inch,Powered by 4 D size batteries (not included)</shortDescription><longDescription>This 13.2-Gal stainless steel Touchless Trashcan is designed and engineered by BestOffice. &amp;lt;br&amp;gt;</longDescription><thumbnailImage>https://i5.walmartimages.com/asr/edfd12c4-74fa-4231-acec-f230de1558e3_1.bf95865b9696e3134347990bf97a5ba8.jpeg?odnHeight=100&amp;odnWidth=100&amp;odnBg=FFFFFF</thumbnailImage><mediumImage>https://i5.walmartimages.com/asr/edfd12c4-74fa-4231-acec-f230de1558e3_1.bf95865b9696e3134347990bf97a5ba8.jpeg?odnHeight=180&amp;odnWidth=180&amp;odnBg=FFFFFF</mediumImage><largeImage>https://i5.walmartimages.com/asr/edfd12c4-74fa-4231-acec-f230de1558e3_1.bf95865b9696e3134347990bf97a5ba8.jpeg?odnHeight=450&amp;odnWidth=450&amp;odnBg=FFFFFF</largeImage><productTrackingUrl>http://linksynergy.walmart.com/fs-bin/click?id=|LSNID|&amp;offerid=223073.7200&amp;type=14&amp;catid=8&amp;subid=0&amp;hid=7200&amp;tmpid=1082&amp;RD_PARM1=https%253A%252F%252Fwww.walmart.com%252Fip%252FBestOffice-Touch-Free-Sensor-Stainless-Steel-Trash-Can-13-2-Gallon%252F405853902%253Faffp1%253D3UIqxDLINFE2s96wIa1YSu3TakSRkgaPlu3dizTOwm0%2526affilsrc%253Dapi</productTrackingUrl><standardShipRate>0.0</standardShipRate><marketplace>true</marketplace><sellerInfo>Factory Direct Wholesales, LLC</sellerInfo><productUrl>http://c.affil.walmart.com/t/api02?l=https%3A%2F%2Fwww.walmart.com%2Fip%2FBestOffice-Touch-Free-Sensor-Stainless-Steel-Trash-Can-13-2-Gallon%2F405853902%3Faffp1%3D3UIqxDLINFE2s96wIa1YSu3TakSRkgaPlu3dizTOwm0%26affilsrc%3Dapi%26veh%3Daff%26wmlspartner%3Dreadonlyapi</productUrl><customerRating>4.6</customerRating><numReviews>44</numReviews><customerRatingImage>http://i2.walmartimages.com/i/CustRating/4_6.gif</customerRatingImage><categoryNode>4044_623679_1032619</categoryNode><bundle>false</bundle><stock>Available</stock><addToCartUrl>http://c.affil.walmart.com/t/api02?l=http%3A%2F%2Faffil.walmart.com%2Fcart%2FaddToCart%3Fitems%3D405853902%7C1%26affp1%3D3UIqxDLINFE2s96wIa1YSu3TakSRkgaPlu3dizTOwm0%26affilsrc%3Dapi%26veh%3Daff%26wmlspartner%3Dreadonlyapi</addToCartUrl><affiliateAddToCartUrl>http://linksynergy.walmart.com/fs-bin/click?id=|LSNID|&amp;offerid=223073.7200&amp;type=14&amp;catid=8&amp;subid=0&amp;hid=7200&amp;tmpid=1082&amp;RD_PARM1=http%253A%252F%252Faffil.walmart.com%252Fcart%252FaddToCart%253Fitems%253D405853902%257C1%2526affp1%253D3UIqxDLINFE2s96wIa1YSu3TakSRkgaPlu3dizTOwm0%2526affilsrc%253Dapi</affiliateAddToCartUrl><freeShippingOver50Dollars>false</freeShippingOver50Dollars><imageEntities><imageEntities><thumbnailImage>https://i5.walmartimages.com/asr/2822459f-52f8-4822-b9a8-c07e42cebef7_1.afb98bfa3ac5cb4518a786b4685eb38c.jpeg?odnHeight=100&amp;odnWidth=100&amp;odnBg=FFFFFF</thumbnailImage><mediumImage>https://i5.walmartimages.com/asr/2822459f-52f8-4822-b9a8-c07e42cebef7_1.afb98bfa3ac5cb4518a786b4685eb38c.jpeg?odnHeight=180&amp;odnWidth=180&amp;odnBg=FFFFFF</mediumImage><largeImage>https://i5.walmartimages.com/asr/2822459f-52f8-4822-b9a8-c07e42cebef7_1.afb98bfa3ac5cb4518a786b4685eb38c.jpeg?odnHeight=450&amp;odnWidth=450&amp;odnBg=FFFFFF</largeImage><entityType>SECONDARY</entityType></imageEntities><imageEntities><thumbnailImage>https://i5.walmartimages.com/asr/149ad018-901d-4bab-af77-25716df5704b_1.a7267c1b8b2b5c9a57326ccc2c8fe319.jpeg?odnHeight=100&amp;odnWidth=100&amp;odnBg=FFFFFF</thumbnailImage><mediumImage>https://i5.walmartimages.com/asr/149ad018-901d-4bab-af77-25716df5704b_1.a7267c1b8b2b5c9a57326ccc2c8fe319.jpeg?odnHeight=180&amp;odnWidth=180&amp;odnBg=FFFFFF</mediumImage><largeImage>https://i5.walmartimages.com/asr/149ad018-901d-4bab-af77-25716df5704b_1.a7267c1b8b2b5c9a57326ccc2c8fe319.jpeg?odnHeight=450&amp;odnWidth=450&amp;odnBg=FFFFFF</largeImage><entityType>SECONDARY</entityType></imageEntities><imageEntities><thumbnailImage>https://i5.walmartimages.com/asr/c7d76cb8-c9dd-4935-b956-e42f9448fb83_1.2644ca5ec685d0815330f4bc0e61be96.jpeg?odnHeight=100&amp;odnWidth=100&amp;odnBg=FFFFFF</thumbnailImage><mediumImage>https://i5.walmartimages.com/asr/c7d76cb8-c9dd-4935-b956-e42f9448fb83_1.2644ca5ec685d0815330f4bc0e61be96.jpeg?odnHeight=180&amp;odnWidth=180&amp;odnBg=FFFFFF</mediumImage><largeImage>https://i5.walmartimages.com/asr/c7d76cb8-c9dd-4935-b956-e42f9448fb83_1.2644ca5ec685d0815330f4bc0e61be96.jpeg?odnHeight=450&amp;odnWidth=450&amp;odnBg=FFFFFF</largeImage><entityType>SECONDARY</entityType></imageEntities><imageEntities><thumbnailImage>https://i5.walmartimages.com/asr/1454f020-e4e5-4943-b756-8d4065bbd64b_1.d788d8ab266712cde14e9e35edd39f55.jpeg?odnHeight=100&amp;odnWidth=100&amp;odnBg=FFFFFF</thumbnailImage><mediumImage>https://i5.walmartimages.com/asr/1454f020-e4e5-4943-b756-8d4065bbd64b_1.d788d8ab266712cde14e9e35edd39f55.jpeg?odnHeight=180&amp;odnWidth=180&amp;odnBg=FFFFFF</mediumImage><largeImage>https://i5.walmartimages.com/asr/1454f020-e4e5-4943-b756-8d4065bbd64b_1.d788d8ab266712cde14e9e35edd39f55.jpeg?odnHeight=450&amp;odnWidth=450&amp;odnBg=FFFFFF</largeImage><entityType>SECONDARY</entityType></imageEntities><imageEntities><thumbnailImage>https://i5.walmartimages.com/asr/ae9be4c0-df66-4c65-b0f4-35f4aac82e83_1.13d58b8ad8d080c3237aae47dc1b52d8.jpeg?odnHeight=100&amp;odnWidth=100&amp;odnBg=FFFFFF</thumbnailImage><mediumImage>https://i5.walmartimages.com/asr/ae9be4c0-df66-4c65-b0f4-35f4aac82e83_1.13d58b8ad8d080c3237aae47dc1b52d8.jpeg?odnHeight=180&amp;odnWidth=180&amp;odnBg=FFFFFF</mediumImage><largeImage>https://i5.walmartimages.com/asr/ae9be4c0-df66-4c65-b0f4-35f4aac82e83_1.13d58b8ad8d080c3237aae47dc1b52d8.jpeg?odnHeight=450&amp;odnWidth=450&amp;odnBg=FFFFFF</largeImage><entityType>SECONDARY</entityType></imageEntities><imageEntities><thumbnailImage>https://i5.walmartimages.com/asr/1f3f4d0c-ceb2-4ece-9195-f577fb5a484c_1.d1088d205332bef45c9dc7c183f82cd5.jpeg?odnHeight=100&amp;odnWidth=100&amp;odnBg=FFFFFF</thumbnailImage><mediumImage>https://i5.walmartimages.com/asr/1f3f4d0c-ceb2-4ece-9195-f577fb5a484c_1.d1088d205332bef45c9dc7c183f82cd5.jpeg?odnHeight=180&amp;odnWidth=180&amp;odnBg=FFFFFF</mediumImage><largeImage>https://i5.walmartimages.com/asr/1f3f4d0c-ceb2-4ece-9195-f577fb5a484c_1.d1088d205332bef45c9dc7c183f82cd5.jpeg?odnHeight=450&amp;odnWidth=450&amp;odnBg=FFFFFF</largeImage><entityType>SECONDARY</entityType></imageEntities><imageEntities><thumbnailImage>https://i5.walmartimages.com/asr/edfd12c4-74fa-4231-acec-f230de1558e3_1.bf95865b9696e3134347990bf97a5ba8.jpeg?odnHeight=100&amp;odnWidth=100&amp;odnBg=FFFFFF</thumbnailImage><mediumImage>https://i5.walmartimages.com/asr/edfd12c4-74fa-4231-acec-f230de1558e3_1.bf95865b9696e3134347990bf97a5ba8.jpeg?odnHeight=180&amp;odnWidth=180&amp;odnBg=FFFFFF</mediumImage><largeImage>https://i5.walmartimages.com/asr/edfd12c4-74fa-4231-acec-f230de1558e3_1.bf95865b9696e3134347990bf97a5ba8.jpeg?odnHeight=450&amp;odnWidth=450&amp;odnBg=FFFFFF</largeImage><entityType>PRIMARY</entityType></imageEntities></imageEntities><offerType>ONLINE_ONLY</offerType><availableOnline>true</availableOnline></item><item><itemId>54984598</itemId><parentItemId>54984598</parentItemId><name>HEFTY 10G Wide Step On Textured with Silver Lid Lock Trash Can, Black</name><salePrice>17.96</salePrice><upc>025947225941</upc><categoryPath>Home/Kitchen &amp; Dining/Kitchen Storage &amp; Organization/Trash Cans &amp; Recycle Bins</categoryPath><shortDescription>Take care of tough messes with this HEFTY StepOn waste can. This HEFTY StepOn waste can allows for foot-operated and hands-free use.</shortDescription><longDescription>&amp;lt;ul&amp;gt;&amp;lt;li&amp;gt;Stay tidy and clean by adding a practical bin to your home, to store all your garbage and recycling&amp;lt;/li&amp;gt;&amp;lt;li&amp;gt;10 gallon wastebasket is spacious to hold your next batch of garbage or recycling, until it's ready to take outside&amp;lt;/li&amp;gt;&amp;lt;li&amp;gt;Integrated step pedal is ideal to use when your hands are full or dirty, and integrated lock will keep pets and kids out&amp;lt;/li&amp;gt;&amp;lt;li&amp;gt;Sleek all-black design is discreet and sure to fit the decor of any room in your home&amp;lt;/li&amp;gt;&amp;lt;li&amp;gt;Designed to fit 13 gallon garbage and recycling bags&amp;lt;/li&amp;gt;&amp;lt;li&amp;gt;Made from a strong and durable material for extended use&amp;lt;/li&amp;gt;&amp;lt;/ul&amp;gt;</longDescription><thumbnailImage>https://i5.walmartimages.com/asr/25b043b0-903b-460c-9c4d-4cb3f994d01d_1.3c7dae16be63015b11b27729a36c195b.jpeg?odnHeight=100&amp;odnWidth=100&amp;odnBg=FFFFFF</thumbnailImage><mediumImage>https://i5.walmartimages.com/asr/25b043b0-903b-460c-9c4d-4cb3f994d01d_1.3c7dae16be63015b11b27729a36c195b.jpeg?odnHeight=180&amp;odnWidth=180&amp;odnBg=FFFFFF</mediumImage><largeImage>https://i5.walmartimages.com/asr/25b043b0-903b-460c-9c4d-4cb3f994d01d_1.3c7dae16be63015b11b27729a36c195b.jpeg?odnHeight=450&amp;odnWidth=450&amp;odnBg=FFFFFF</largeImage><productTrackingUrl>http://linksynergy.walmart.com/fs-bin/click?id=|LSNID|&amp;offerid=223073.7200&amp;type=14&amp;catid=8&amp;subid=0&amp;hid=7200&amp;tmpid=1082&amp;RD_PARM1=https%253A%252F%252Fwww.walmart.com%252Fip%252FHEFTY-10G-Wide-Step-On-Textured-with-Silver-Lid-Lock-Trash-Can-Black%252F54984598%253Faffp1%253D3UIqxDLINFE2s96wIa1YSu3TakSRkgaPlu3dizTOwm0%2526affilsrc%253Dapi</productTrackingUrl><standardShipRate>5.99</standardShipRate><marketplace>false</marketplace><modelNumber>2259HFT075450</modelNumber><productUrl>http://c.affil.walmart.com/t/api02?l=https%3A%2F%2Fwww.walmart.com%2Fip%2FHEFTY-10G-Wide-Step-On-Textured-with-Silver-Lid-Lock-Trash-Can-Black%2F54984598%3Faffp1%3D3UIqxDLINFE2s96wIa1YSu3TakSRkgaPlu3dizTOwm0%26affilsrc%3Dapi%26veh%3Daff%26wmlspartner%3Dreadonlyapi</productUrl><customerRating>3.625</customerRating><numReviews>8</numReviews><customerRatingImage>http://i2.walmartimages.com/i/CustRating/3_6.gif</customerRatingImage><categoryNode>4044_623679_1032619</categoryNode><bundle>false</bundle><stock>Available</stock><addToCartUrl>http://c.affil.walmart.com/t/api02?l=http%3A%2F%2Faffil.walmart.com%2Fcart%2FaddToCart%3Fitems%3D54984598%7C1%26affp1%3D3UIqxDLINFE2s96wIa1YSu3TakSRkgaPlu3dizTOwm0%26affilsrc%3Dapi%26veh%3Daff%26wmlspartner%3Dreadonlyapi</addToCartUrl><affiliateAddToCartUrl>http://linksynergy.walmart.com/fs-bin/click?id=|LSNID|&amp;offerid=223073.7200&amp;type=14&amp;catid=8&amp;subid=0&amp;hid=7200&amp;tmpid=1082&amp;RD_PARM1=http%253A%252F%252Faffil.walmart.com%252Fcart%252FaddToCart%253Fitems%253D54984598%257C1%2526affp1%253D3UIqxDLINFE2s96wIa1YSu3TakSRkgaPlu3dizTOwm0%2526affilsrc%253Dapi</affiliateAddToCartUrl><giftOptions><allowGiftWrap>false</allowGiftWrap><allowGiftMessage>false</allowGiftMessage><allowGiftReceipt>false</allowGiftReceipt></giftOptions><imageEntities><imageEntities><thumbnailImage>https://i5.walmartimages.com/asr/7e41ccd6-f3c0-492c-a055-570ac0eb10dd_1.2bcbce320fab4476afafce72f5648e3b.jpeg?odnHeight=100&amp;odnWidth=100&amp;odnBg=FFFFFF</thumbnailImage><mediumImage>https://i5.walmartimages.com/asr/7e41ccd6-f3c0-492c-a055-570ac0eb10dd_1.2bcbce320fab4476afafce72f5648e3b.jpeg?odnHeight=180&amp;odnWidth=180&amp;odnBg=FFFFFF</mediumImage><largeImage>https://i5.walmartimages.com/asr/7e41ccd6-f3c0-492c-a055-570ac0eb10dd_1.2bcbce320fab4476afafce72f5648e3b.jpeg?odnHeight=450&amp;odnWidth=450&amp;odnBg=FFFFFF</largeImage><entityType>SECONDARY</entityType></imageEntities><imageEntities><thumbnailImage>https://i5.walmartimages.com/asr/1c739d7e-964a-4a7c-9bc1-2c4eb985c795_1.175f86203ae2587b9b93cb4d5ec50a69.jpeg?odnHeight=100&amp;odnWidth=100&amp;odnBg=FFFFFF</thumbnailImage><mediumImage>https://i5.walmartimages.com/asr/1c739d7e-964a-4a7c-9bc1-2c4eb985c795_1.175f86203ae2587b9b93cb4d5ec50a69.jpeg?odnHeight=180&amp;odnWidth=180&amp;odnBg=FFFFFF</mediumImage><largeImage>https://i5.walmartimages.com/asr/1c739d7e-964a-4a7c-9bc1-2c4eb985c795_1.175f86203ae2587b9b93cb4d5ec50a69.jpeg?odnHeight=450&amp;odnWidth=450&amp;odnBg=FFFFFF</largeImage><entityType>SECONDARY</entityType></imageEntities><imageEntities><thumbnailImage>https://i5.walmartimages.com/asr/e926f6cf-a27d-421a-bd24-e631db866c46_1.77324427f991d4925d9c64717176b5d7.jpeg?odnHeight=100&amp;odnWidth=100&amp;odnBg=FFFFFF</thumbnailImage><mediumImage>https://i5.walmartimages.com/asr/e926f6cf-a27d-421a-bd24-e631db866c46_1.77324427f991d4925d9c64717176b5d7.jpeg?odnHeight=180&amp;odnWidth=180&amp;odnBg=FFFFFF</mediumImage><largeImage>https://i5.walmartimages.com/asr/e926f6cf-a27d-421a-bd24-e631db866c46_1.77324427f991d4925d9c64717176b5d7.jpeg?odnHeight=450&amp;odnWidth=450&amp;odnBg=FFFFFF</largeImage><entityType>SECONDARY</entityType></imageEntities><imageEntities><thumbnailImage>https://i5.walmartimages.com/asr/25b043b0-903b-460c-9c4d-4cb3f994d01d_1.3c7dae16be63015b11b27729a36c195b.jpeg?odnHeight=100&amp;odnWidth=100&amp;odnBg=FFFFFF</thumbnailImage><mediumImage>https://i5.walmartimages.com/asr/25b043b0-903b-460c-9c4d-4cb3f994d01d_1.3c7dae16be63015b11b27729a36c195b.jpeg?odnHeight=180&amp;odnWidth=180&amp;odnBg=FFFFFF</mediumImage><largeImage>https://i5.walmartimages.com/asr/25b043b0-903b-460c-9c4d-4cb3f994d01d_1.3c7dae16be63015b11b27729a36c195b.jpeg?odnHeight=450&amp;odnWidth=450&amp;odnBg=FFFFFF</largeImage><entityType>PRIMARY</entityType></imageEntities></imageEntities><offerType>ONLINE_AND_STORE</offerType><isTwoDayShippingEligible>true</isTwoDayShippingEligible><availableOnline>true</availableOnline></item><item><itemId>13722508</itemId><parentItemId>13722508</parentItemId><name>Nine Stars Motion Sensor Slim Touchless 13-Gallon Trash Can, Multiple Colors</name><msrp>89.95</msrp><salePrice>57.47</salePrice><upc>891946002315</upc><categoryPath>Home/Kitchen &amp; Dining/Kitchen Storage &amp; Organization/Trash Cans &amp; Recycle Bins</categoryPath><shortDescription>&amp;lt;p&amp;gt;Equip your kitchen with the Nine Stars Motion Sensor Slim Touchless 13-Gallon Trash Can and keep your kitchen clean from germs. This 13-gallon trash can comes with the advanced sensor technology that makes the lid open automatically when you go near it and closes when you walk away. You can also use 13-gallon garbage bags with this stainless steel trash can to keep it clean. You can also open and close the lid manually with the help of a manual button placed in front of this touchless trash can. With a stainless steel construction, cleaning this garbage trash can is also easy.&amp;lt;/p&amp;gt;</shortDescription><longDescription>&amp;lt;p&amp;gt;&amp;lt;strong&amp;gt;Nine Stars Motion Sensor Slim Touchless 13-Gallon Trash Can:&amp;lt;/strong&amp;gt;&amp;lt;br&amp;gt;&amp;lt;/p&amp;gt;&amp;lt;ul&amp;gt;&amp;lt;li&amp;gt;Lid opens automatically and remains open when your hands are detected&amp;lt;/li&amp;gt;&amp;lt;li&amp;gt;Lid will close 3 seconds after your hand moves away on this stainless steel trash can&amp;lt;/li&amp;gt;&amp;lt;li&amp;gt;Sensor set at 20-degree angle for early detection&amp;lt;/li&amp;gt;&amp;lt;li&amp;gt;Garbage trash can holds 13 gallons/50 liters&amp;lt;/li&amp;gt;&amp;lt;li&amp;gt;13-gallon trash bags fit the stainless steel touchless trash can&amp;lt;/li&amp;gt;&amp;lt;li&amp;gt;Nine Stars Motion Sensor Slim Touchless 13-Gallon Trash Can is touch-free and very easy to use&amp;lt;/li&amp;gt;&amp;lt;li&amp;gt;Safe and convenient&amp;lt;/li&amp;gt;&amp;lt;li&amp;gt;eliminates cross-contamination of germs&amp;lt;/li&amp;gt;&amp;lt;li&amp;gt;Stainless steel body is durable and easy to clean&amp;lt;/li&amp;gt;&amp;lt;li&amp;gt;Manual button in the front allows users to have lid open for a longer period&amp;lt;/li&amp;gt;&amp;lt;li&amp;gt;13-gallon motion sensor trash can is powered by 3 C-size batteries, not included&amp;lt;/li&amp;gt;&amp;lt;li&amp;gt;Stainless steel touchless trash can includes manufacturer's 1-year warranty&amp;lt;/li&amp;gt;&amp;lt;/ul&amp;gt;</longDescription><thumbnailImage>https://i5.walmartimages.com/asr/cb076b3a-6aff-4421-99ba-658f106ebd40_1.f1ebe0c4a26d9d9aa55958aafc260b41.jpeg?odnHeight=100&amp;odnWidth=100&amp;odnBg=FFFFFF</thumbnailImage><mediumImage>https://i5.walmartimages.com/asr/cb076b3a-6aff-4421-99ba-658f106ebd40_1.f1ebe0c4a26d9d9aa55958aafc260b41.jpeg?odnHeight=180&amp;odnWidth=180&amp;odnBg=FFFFFF</mediumImage><largeImage>https://i5.walmartimages.com/asr/cb076b3a-6aff-4421-99ba-658f106ebd40_1.f1ebe0c4a26d9d9aa55958aafc260b41.jpeg?odnHeight=450&amp;odnWidth=450&amp;odnBg=FFFFFF</largeImage><productTrackingUrl>http://linksynergy.walmart.com/fs-bin/click?id=|LSNID|&amp;offerid=223073.7200&amp;type=14&amp;catid=8&amp;subid=0&amp;hid=7200&amp;tmpid=1082&amp;RD_PARM1=https%253A%252F%252Fwww.walmart.com%252Fip%252FNine-Stars-Motion-Sensor-Slim-Touchless-13-Gallon-Trash-Can-Multiple-Colors%252F13722508%253Faffp1%253D3UIqxDLINFE2s96wIa1YSu3TakSRkgaPlu3dizTOwm0%2526affilsrc%253Dapi</productTrackingUrl><standardShipRate>0.0</standardShipRate><marketplace>false</marketplace><modelNumber>DZT-50-9</modelNumber><productUrl>http://c.affil.walmart.com/t/api02?l=https%3A%2F%2Fwww.walmart.com%2Fip%2FNine-Stars-Motion-Sensor-Slim-Touchless-13-Gallon-Trash-Can-Multiple-Colors%2F13722508%3Faffp1%3D3UIqxDLINFE2s96wIa1YSu3TakSRkgaPlu3dizTOwm0%26affilsrc%3Dapi%26veh%3Daff%26wmlspartner%3Dreadonlyapi</productUrl><customerRating>4.529</customerRating><numReviews>1105</numReviews><customerRatingImage>http://i2.walmartimages.com/i/CustRating/4_5.gif</customerRatingImage><categoryNode>4044_623679_1032619</categoryNode><bundle>false</bundle><stock>Available</stock><addToCartUrl>http://c.affil.walmart.com/t/api02?l=http%3A%2F%2Faffil.walmart.com%2Fcart%2FaddToCart%3Fitems%3D13722508%7C1%26affp1%3D3UIqxDLINFE2s96wIa1YSu3TakSRkgaPlu3dizTOwm0%26affilsrc%3Dapi%26veh%3Daff%26wmlspartner%3Dreadonlyapi</addToCartUrl><affiliateAddToCartUrl>http://linksynergy.walmart.com/fs-bin/click?id=|LSNID|&amp;offerid=223073.7200&amp;type=14&amp;catid=8&amp;subid=0&amp;hid=7200&amp;tmpid=1082&amp;RD_PARM1=http%253A%252F%252Faffil.walmart.com%252Fcart%252FaddToCart%253Fitems%253D13722508%257C1%2526affp1%253D3UIqxDLINFE2s96wIa1YSu3TakSRkgaPlu3dizTOwm0%2526affilsrc%253Dapi</affiliateAddToCartUrl><imageEntities><imageEntities><thumbnailImage>https://i5.walmartimages.com/asr/38935384-c26a-4a2e-8e56-f52d832a26ce_1.abf1c5c1cc7fccd3ac168a4f04ac5311.jpeg?odnHeight=100&amp;odnWidth=100&amp;odnBg=FFFFFF</thumbnailImage><mediumImage>https://i5.walmartimages.com/asr/38935384-c26a-4a2e-8e56-f52d832a26ce_1.abf1c5c1cc7fccd3ac168a4f04ac5311.jpeg?odnHeight=180&amp;odnWidth=180&amp;odnBg=FFFFFF</mediumImage><largeImage>https://i5.walmartimages.com/asr/38935384-c26a-4a2e-8e56-f52d832a26ce_1.abf1c5c1cc7fccd3ac168a4f04ac5311.jpeg?odnHeight=450&amp;odnWidth=450&amp;odnBg=FFFFFF</largeImage><entityType>SECONDARY</entityType></imageEntities><imageEntities><thumbnailImage>https://i5.walmartimages.com/asr/96c6e034-40f7-4d1c-8e64-056139d90d0d_1.4a8fe2d15cf716e0dd30e500989227eb.jpeg?odnHeight=100&amp;odnWidth=100&amp;odnBg=FFFFFF</thumbnailImage><mediumImage>https://i5.walmartimages.com/asr/96c6e034-40f7-4d1c-8e64-056139d90d0d_1.4a8fe2d15cf716e0dd30e500989227eb.jpeg?odnHeight=180&amp;odnWidth=180&amp;odnBg=FFFFFF</mediumImage><largeImage>https://i5.walmartimages.com/asr/96c6e034-40f7-4d1c-8e64-056139d90d0d_1.4a8fe2d15cf716e0dd30e500989227eb.jpeg?odnHeight=450&amp;odnWidth=450&amp;odnBg=FFFFFF</largeImage><entityType>SECONDARY</entityType></imageEntities><imageEntities><thumbnailImage>https://i5.walmartimages.com/asr/ce4bd2d5-d4d0-4ce2-8947-b9f6a9986b17_1.162afd42eccf7c001eea738e4a0b98ee.jpeg?odnHeight=100&amp;odnWidth=100&amp;odnBg=FFFFFF</thumbnailImage><mediumImage>https://i5.walmartimages.com/asr/ce4bd2d5-d4d0-4ce2-8947-b9f6a9986b17_1.162afd42eccf7c001eea738e4a0b98ee.jpeg?odnHeight=180&amp;odnWidth=180&amp;odnBg=FFFFFF</mediumImage><largeImage>https://i5.walmartimages.com/asr/ce4bd2d5-d4d0-4ce2-8947-b9f6a9986b17_1.162afd42eccf7c001eea738e4a0b98ee.jpeg?odnHeight=450&amp;odnWidth=450&amp;odnBg=FFFFFF</largeImage><entityType>SECONDARY</entityType></imageEntities><imageEntities><thumbnailImage>https://i5.walmartimages.com/asr/3e576c72-14f0-4451-b1e6-462ac027f79e_1.5a511bdfb103cf545ef2db8aa68c337a.jpeg?odnHeight=100&amp;odnWidth=100&amp;odnBg=FFFFFF</thumbnailImage><mediumImage>https://i5.walmartimages.com/asr/3e576c72-14f0-4451-b1e6-462ac027f79e_1.5a511bdfb103cf545ef2db8aa68c337a.jpeg?odnHeight=180&amp;odnWidth=180&amp;odnBg=FFFFFF</mediumImage><largeImage>https://i5.walmartimages.com/asr/3e576c72-14f0-4451-b1e6-462ac027f79e_1.5a511bdfb103cf545ef2db8aa68c337a.jpeg?odnHeight=450&amp;odnWidth=450&amp;odnBg=FFFFFF</largeImage><entityType>SECONDARY</entityType></imageEntities><imageEntities><thumbnailImage>https://i5.walmartimages.com/asr/cb076b3a-6aff-4421-99ba-658f106ebd40_1.f1ebe0c4a26d9d9aa55958aafc260b41.jpeg?odnHeight=100&amp;odnWidth=100&amp;odnBg=FFFFFF</thumbnailImage><mediumImage>https://i5.walmartimages.com/asr/cb076b3a-6aff-4421-99ba-658f106ebd40_1.f1ebe0c4a26d9d9aa55958aafc260b41.jpeg?odnHeight=180&amp;odnWidth=180&amp;odnBg=FFFFFF</mediumImage><largeImage>https://i5.walmartimages.com/asr/cb076b3a-6aff-4421-99ba-658f106ebd40_1.f1ebe0c4a26d9d9aa55958aafc260b41.jpeg?odnHeight=450&amp;odnWidth=450&amp;odnBg=FFFFFF</largeImage><entityType>PRIMARY</entityType></imageEntities></imageEntities><offerType>ONLINE_AND_STORE</offerType><isTwoDayShippingEligible>false</isTwoDayShippingEligible><availableOnline>true</availableOnline></item><item><itemId>164498431</itemId><parentItemId>164498431</parentItemId><name>Estilo Round Brushed Stainless Steel Step Trash Can - Fingerprint Resistant (3 Liter)</name><salePrice>16.99</salePrice><upc>784672956543</upc><categoryPath>Home/Kitchen &amp; Dining/Kitchen Storage &amp; Organization/Trash Cans &amp; Recycle Bins</categoryPath><shortDescription>Made of high quality brushed stainless steel to resist fingerprints and rust.3 Liter (0.8 Gallons) round trash can with removable inner bucket, a perfect size for office and bathroom.Super strong stainless steel pedal. Non-skid base with rubber pads is gentle on floors.Dimensions: 6.6 inches diameter by 10 inches high.Backed by manufacturer 1 year warranty.</shortDescription><longDescription>The Estilo classic round can has a compact size that's perfect for small spaces, such as under a desk, office or in a bathroom. Durable steel pedal and stainless steel construction. A removable inner bucket makes trash disposal easy. Made of high quality brushed stainless steel to resist fingerprints and rust. Super strong stainless steel pedal. Non-skid base with rubber pads is gentle on floors. &amp;quot;Removable inner bucket&amp;quot; makes it easy to remove bag and clean. Dimensions: 6.6 inches diameter by 10 inches high.</longDescription><thumbnailImage>https://i5.walmartimages.com/asr/4cb1075c-64cf-4ac1-aba4-769b27773d1c_1.29c179182042855860913c623d640710.jpeg?odnHeight=100&amp;odnWidth=100&amp;odnBg=FFFFFF</thumbnailImage><mediumImage>https://i5.walmartimages.com/asr/4cb1075c-64cf-4ac1-aba4-769b27773d1c_1.29c179182042855860913c623d640710.jpeg?odnHeight=180&amp;odnWidth=180&amp;odnBg=FFFFFF</mediumImage><largeImage>https://i5.walmartimages.com/asr/4cb1075c-64cf-4ac1-aba4-769b27773d1c_1.29c179182042855860913c623d640710.jpeg?odnHeight=450&amp;odnWidth=450&amp;odnBg=FFFFFF</largeImage><productTrackingUrl>http://linksynergy.walmart.com/fs-bin/click?id=|LSNID|&amp;offerid=223073.7200&amp;type=14&amp;catid=8&amp;subid=0&amp;hid=7200&amp;tmpid=1082&amp;RD_PARM1=https%253A%252F%252Fwww.walmart.com%252Fip%252FEstilo-Round-Brushed-Stainless-Steel-Step-Trash-Can-Fingerprint-Resistant-3-Liter%252F164498431%253Faffp1%253D3UIqxDLINFE2s96wIa1YSu3TakSRkgaPlu3dizTOwm0%2526affilsrc%253Dapi</productTrackingUrl><standardShipRate>5.99</standardShipRate><marketplace>false</marketplace><productUrl>http://c.affil.walmart.com/t/api02?l=https%3A%2F%2Fwww.walmart.com%2Fip%2FEstilo-Round-Brushed-Stainless-Steel-Step-Trash-Can-Fingerprint-Resistant-3-Liter%2F164498431%3Faffp1%3D3UIqxDLINFE2s96wIa1YSu3TakSRkgaPlu3dizTOwm0%26affilsrc%3Dapi%26veh%3Daff%26wmlspartner%3Dreadonlyapi</productUrl><customerRating>3.6</customerRating><numReviews>10</numReviews><customerRatingImage>http://i2.walmartimages.com/i/CustRating/3_6.gif</customerRatingImage><categoryNode>4044_623679_1032619</categoryNode><bundle>false</bundle><stock>Available</stock><addToCartUrl>http://c.affil.walmart.com/t/api02?l=http%3A%2F%2Faffil.walmart.com%2Fcart%2FaddToCart%3Fitems%3D164498431%7C1%26affp1%3D3UIqxDLINFE2s96wIa1YSu3TakSRkgaPlu3dizTOwm0%26affilsrc%3Dapi%26veh%3Daff%26wmlspartner%3Dreadonlyapi</addToCartUrl><affiliateAddToCartUrl>http://linksynergy.walmart.com/fs-bin/click?id=|LSNID|&amp;offerid=223073.7200&amp;type=14&amp;catid=8&amp;subid=0&amp;hid=7200&amp;tmpid=1082&amp;RD_PARM1=http%253A%252F%252Faffil.walmart.com%252Fcart%252FaddToCart%253Fitems%253D164498431%257C1%2526affp1%253D3UIqxDLINFE2s96wIa1YSu3TakSRkgaPlu3dizTOwm0%2526affilsrc%253Dapi</affiliateAddToCartUrl><giftOptions><allowGiftWrap>false</allowGiftWrap><allowGiftMessage>false</allowGiftMessage><allowGiftReceipt>false</allowGiftReceipt></giftOptions><imageEntities><imageEntities><thumbnailImage>https://i5.walmartimages.com/asr/5ce5f4fa-85d4-4d12-98e6-c0351f124520_1.244b00f5fd319d765deb658a25ed8ef4.jpeg?odnHeight=100&amp;odnWidth=100&amp;odnBg=FFFFFF</thumbnailImage><mediumImage>https://i5.walmartimages.com/asr/5ce5f4fa-85d4-4d12-98e6-c0351f124520_1.244b00f5fd319d765deb658a25ed8ef4.jpeg?odnHeight=180&amp;odnWidth=180&amp;odnBg=FFFFFF</mediumImage><largeImage>https://i5.walmartimages.com/asr/5ce5f4fa-85d4-4d12-98e6-c0351f124520_1.244b00f5fd319d765deb658a25ed8ef4.jpeg?odnHeight=450&amp;odnWidth=450&amp;odnBg=FFFFFF</largeImage><entityType>SECONDARY</entityType></imageEntities><imageEntities><thumbnailImage>https://i5.walmartimages.com/asr/8ea9885a-f70f-4e63-8477-d922eb1ebde8_1.0927870a70dbd219208a0e21fef0bbc8.jpeg?odnHeight=100&amp;odnWidth=100&amp;odnBg=FFFFFF</thumbnailImage><mediumImage>https://i5.walmartimages.com/asr/8ea9885a-f70f-4e63-8477-d922eb1ebde8_1.0927870a70dbd219208a0e21fef0bbc8.jpeg?odnHeight=180&amp;odnWidth=180&amp;odnBg=FFFFFF</mediumImage><largeImage>https://i5.walmartimages.com/asr/8ea9885a-f70f-4e63-8477-d922eb1ebde8_1.0927870a70dbd219208a0e21fef0bbc8.jpeg?odnHeight=450&amp;odnWidth=450&amp;odnBg=FFFFFF</largeImage><entityType>SECONDARY</entityType></imageEntities><imageEntities><thumbnailImage>https://i5.walmartimages.com/asr/1cb2e655-ffba-43fc-9f2f-32baa1ad8a31_1.ecb5bc8a6b8949cad0124a6756ef4240.jpeg?odnHeight=100&amp;odnWidth=100&amp;odnBg=FFFFFF</thumbnailImage><mediumImage>https://i5.walmartimages.com/asr/1cb2e655-ffba-43fc-9f2f-32baa1ad8a31_1.ecb5bc8a6b8949cad0124a6756ef4240.jpeg?odnHeight=180&amp;odnWidth=180&amp;odnBg=FFFFFF</mediumImage><largeImage>https://i5.walmartimages.com/asr/1cb2e655-ffba-43fc-9f2f-32baa1ad8a31_1.ecb5bc8a6b8949cad0124a6756ef4240.jpeg?odnHeight=450&amp;odnWidth=450&amp;odnBg=FFFFFF</largeImage><entityType>SECONDARY</entityType></imageEntities><imageEntities><thumbnailImage>https://i5.walmartimages.com/asr/4cb1075c-64cf-4ac1-aba4-769b27773d1c_1.29c179182042855860913c623d640710.jpeg?odnHeight=100&amp;odnWidth=100&amp;odnBg=FFFFFF</thumbnailImage><mediumImage>https://i5.walmartimages.com/asr/4cb1075c-64cf-4ac1-aba4-769b27773d1c_1.29c179182042855860913c623d640710.jpeg?odnHeight=180&amp;odnWidth=180&amp;odnBg=FFFFFF</mediumImage><largeImage>https://i5.walmartimages.com/asr/4cb1075c-64cf-4ac1-aba4-769b27773d1c_1.29c179182042855860913c623d640710.jpeg?odnHeight=450&amp;odnWidth=450&amp;odnBg=FFFFFF</largeImage><entityType>PRIMARY</entityType></imageEntities></imageEntities><offerType>ONLINE_ONLY</offerType><isTwoDayShippingEligible>false</isTwoDayShippingEligible><availableOnline>true</availableOnline></item><item><itemId>113776614</itemId><parentItemId>113776614</parentItemId><name>Greenco Mesh Wastebasket Trash Can, 6 Gallon, Black, 3 Pack</name><msrp>22.49</msrp><salePrice>17.99</salePrice><upc>646437852708</upc><categoryPath>Home/Kitchen &amp; Dining/Kitchen Storage &amp; Organization/Trash Cans &amp; Recycle Bins</categoryPath><shortDescription>Simple and versatile mesh trash can value pack. Constructed from durable scratch resistant steel wire mesh in black epoxy finish, reinforced with solid metal base and solid edging along bottom and top rim for long lasting lifetime. Will help you keep your office, home, dorm room, etc. tidy and clean. Mesh is breathable and prevents odors from building up and therefore ideal for use as a waste bin. Trash can measures; 9 1/2 inches diameter at the base; 11 1/2 diameter at the top; and 13 3/4 inches tall.</shortDescription><longDescription>&amp;lt;ul&amp;gt;&amp;lt;li&amp;gt;Made of durable scratch resistant steel wire mesh, reinforced with solid metal base and solid edging along bottom and top rim&amp;lt;/li&amp;gt;&amp;lt;li&amp;gt;Gently flared, cylinder shape with 6 gallon (24-quart) capacity - a popular size for any office or work space.&amp;lt;/li&amp;gt;&amp;lt;li&amp;gt;Its black epoxy finish and sleek versatile look makes it ideal for use in almost any setting.&amp;lt;/li&amp;gt;&amp;lt;li&amp;gt;Mesh breathable design prevents odors from building up.&amp;lt;/li&amp;gt;&amp;lt;li&amp;gt;Measures; 9 1/2 inches diameter at the base; 11 1/2 diameter at the top; and 13 3/4 inches tall.&amp;lt;/li&amp;gt;&amp;lt;/ul&amp;gt;</longDescription><thumbnailImage>https://i5.walmartimages.com/asr/ce3e8fcb-a8bb-4b96-8f77-c26fd231232e_1.ed250e776ab53ad8c233e15f7edce526.jpeg?odnHeight=100&amp;odnWidth=100&amp;odnBg=FFFFFF</thumbnailImage><mediumImage>https://i5.walmartimages.com/asr/ce3e8fcb-a8bb-4b96-8f77-c26fd231232e_1.ed250e776ab53ad8c233e15f7edce526.jpeg?odnHeight=180&amp;odnWidth=180&amp;odnBg=FFFFFF</mediumImage><largeImage>https://i5.walmartimages.com/asr/ce3e8fcb-a8bb-4b96-8f77-c26fd231232e_1.ed250e776ab53ad8c233e15f7edce526.jpeg?odnHeight=450&amp;odnWidth=450&amp;odnBg=FFFFFF</largeImage><productTrackingUrl>http://linksynergy.walmart.com/fs-bin/click?id=|LSNID|&amp;offerid=223073.7200&amp;type=14&amp;catid=8&amp;subid=0&amp;hid=7200&amp;tmpid=1082&amp;RD_PARM1=https%253A%252F%252Fwww.walmart.com%252Fip%252FGreenco-Mesh-Wastebasket-Trash-Can-6-Gallon-Black-3-Pack%252F113776614%253Faffp1%253D3UIqxDLINFE2s96wIa1YSu3TakSRkgaPlu3dizTOwm0%2526affilsrc%253Dapi</productTrackingUrl><standardShipRate>5.99</standardShipRate><marketplace>false</marketplace><modelNumber>EST2708</modelNumber><productUrl>http://c.affil.walmart.com/t/api02?l=https%3A%2F%2Fwww.walmart.com%2Fip%2FGreenco-Mesh-Wastebasket-Trash-Can-6-Gallon-Black-3-Pack%2F113776614%3Faffp1%3D3UIqxDLINFE2s96wIa1YSu3TakSRkgaPlu3dizTOwm0%26affilsrc%3Dapi%26veh%3Daff%26wmlspartner%3Dreadonlyapi</productUrl><categoryNode>4044_623679_1032619</categoryNode><bundle>false</bundle><stock>Available</stock><addToCartUrl>http://c.affil.walmart.com/t/api02?l=http%3A%2F%2Faffil.walmart.com%2Fcart%2FaddToCart%3Fitems%3D113776614%7C1%26affp1%3D3UIqxDLINFE2s96wIa1YSu3TakSRkgaPlu3dizTOwm0%26affilsrc%3Dapi%26veh%3Daff%26wmlspartner%3Dreadonlyapi</addToCartUrl><affiliateAddToCartUrl>http://linksynergy.walmart.com/fs-bin/click?id=|LSNID|&amp;offerid=223073.7200&amp;type=14&amp;catid=8&amp;subid=0&amp;hid=7200&amp;tmpid=1082&amp;RD_PARM1=http%253A%252F%252Faffil.walmart.com%252Fcart%252FaddToCart%253Fitems%253D113776614%257C1%2526affp1%253D3UIqxDLINFE2s96wIa1YSu3TakSRkgaPlu3dizTOwm0%2526affilsrc%253Dapi</affiliateAddToCartUrl><giftOptions><allowGiftWrap>false</allowGiftWrap><allowGiftMessage>false</allowGiftMessage><allowGiftReceipt>false</allowGiftReceipt></giftOptions><imageEntities><imageEntities><thumbnailImage>https://i5.walmartimages.com/asr/8ee5534b-fb6f-4a97-9765-cbbc8ef12693_1.7cb604aa18e5dd54aa753c6e26ec2452.jpeg?odnHeight=100&amp;odnWidth=100&amp;odnBg=FFFFFF</thumbnailImage><mediumImage>https://i5.walmartimages.com/asr/8ee5534b-fb6f-4a97-9765-cbbc8ef12693_1.7cb604aa18e5dd54aa753c6e26ec2452.jpeg?odnHeight=180&amp;odnWidth=180&amp;odnBg=FFFFFF</mediumImage><largeImage>https://i5.walmartimages.com/asr/8ee5534b-fb6f-4a97-9765-cbbc8ef12693_1.7cb604aa18e5dd54aa753c6e26ec2452.jpeg?odnHeight=450&amp;odnWidth=450&amp;odnBg=FFFFFF</largeImage><entityType>SECONDARY</entityType></imageEntities><imageEntities><thumbnailImage>https://i5.walmartimages.com/asr/3980a40a-a82d-4481-b282-9d3123b408f2_1.86ca4abe7f48e233e9d98ae52c25f027.jpeg?odnHeight=100&amp;odnWidth=100&amp;odnBg=FFFFFF</thumbnailImage><mediumImage>https://i5.walmartimages.com/asr/3980a40a-a82d-4481-b282-9d3123b408f2_1.86ca4abe7f48e233e9d98ae52c25f027.jpeg?odnHeight=180&amp;odnWidth=180&amp;odnBg=FFFFFF</mediumImage><largeImage>https://i5.walmartimages.com/asr/3980a40a-a82d-4481-b282-9d3123b408f2_1.86ca4abe7f48e233e9d98ae52c25f027.jpeg?odnHeight=450&amp;odnWidth=450&amp;odnBg=FFFFFF</largeImage><entityType>SECONDARY</entityType></imageEntities><imageEntities><thumbnailImage>https://i5.walmartimages.com/asr/ce3e8fcb-a8bb-4b96-8f77-c26fd231232e_1.ed250e776ab53ad8c233e15f7edce526.jpeg?odnHeight=100&amp;odnWidth=100&amp;odnBg=FFFFFF</thumbnailImage><mediumImage>https://i5.walmartimages.com/asr/ce3e8fcb-a8bb-4b96-8f77-c26fd231232e_1.ed250e776ab53ad8c233e15f7edce526.jpeg?odnHeight=180&amp;odnWidth=180&amp;odnBg=FFFFFF</mediumImage><largeImage>https://i5.walmartimages.com/asr/ce3e8fcb-a8bb-4b96-8f77-c26fd231232e_1.ed250e776ab53ad8c233e15f7edce526.jpeg?odnHeight=450&amp;odnWidth=450&amp;odnBg=FFFFFF</largeImage><entityType>PRIMARY</entityType></imageEntities></imageEntities><offerType>ONLINE_ONLY</offerType><isTwoDayShippingEligible>false</isTwoDayShippingEligible><availableOnline>true</availableOnline></item></items></searchresponse>